Розташування в каталозі,Категорія останнього рівня (для використання в параметрах),БТК_id,"Тариф ""Базовий"", %","Тариф ""Промо"", %",,
"Дача, сад, город",Садовий декор,122275,14,12,,- нові категорії
"Дача, сад, город / Рослини і догляд за ними",Бульби та цибулини,121987,14,12,,"- категорії, які будуть відкриті наступними"
"Дача, сад, город / Рослини і догляд за ними",Вазони,105853,14,12,,
"Дача, сад, город / Рослини і догляд за ними",Гроубокси,122276,14,12,,
"Дача, сад, город / Рослини і догляд за ними",Підставки та кріплення для вазонів,105854,14,12,,
"Дача, сад, город / Рослини і догляд за ними",Стабілізований мох,122277,14,12,,
"Дача, сад, город / Рослини і догляд за ними",Субстрати і ґрунти для рослин,121994,14,12,,
"Дача, сад, город / Рослини і догляд за ними",Флораріуми,122274,14,12,,
"Дача, сад, город / Рослини і догляд за ними / Добрива",Біодобрива,121959,14,12,,
"Дача, сад, город / Рослини і догляд за ними / Добрива",Мікродобрива,121961,14,12,,
"Дача, сад, город / Рослини і догляд за ними / Добрива",Мінеральні добрива,121956,14,12,,
"Дача, сад, город / Рослини і догляд за ними / Добрива",Органічні добрива,121957,14,12,,
"Дача, сад, город / Рослини і догляд за ними / Добрива",Органомінеральні добрива,121960,14,12,,
"Дача, сад, город / Рослини і догляд за ними / Добрива",Стимулятори росту рослин,121958,14,12,,
"Дача, сад, город / Рослини і догляд за ними / Засоби захисту рослин",Біоінсектициди,121967,14,12,,
"Дача, сад, город / Рослини і догляд за ними / Засоби захисту рослин",Біофунгіциди,121968,14,12,,
"Дача, сад, город / Рослини і догляд за ними / Засоби захисту рослин",Гербіциди,121965,14,12,,
"Дача, сад, город / Рослини і догляд за ними / Засоби захисту рослин",Десиканти,121972,14,12,,
"Дача, сад, город / Рослини і догляд за ними / Засоби захисту рослин",Інсектициди для рослин,121964,14,12,,
"Дача, сад, город / Рослини і догляд за ними / Засоби захисту рослин",Молюскоциди,121971,14,12,,
"Дача, сад, город / Рослини і догляд за ними / Засоби захисту рослин",Прилипачі,121970,14,12,,
"Дача, сад, город / Рослини і догляд за ними / Засоби захисту рослин",Протруйники насіння,121966,14,12,,
"Дача, сад, город / Рослини і догляд за ними / Засоби захисту рослин",Садова фарба,121969,14,12,,
"Дача, сад, город / Рослини і догляд за ними / Засоби захисту рослин",Фунгіциди,121963,14,12,,
"Дача, сад, город / Рослини і догляд за ними / Кімнатні рослини",Бонсаї,122265,14,12,,
"Дача, сад, город / Рослини і догляд за ними / Кімнатні рослини",Декоративно-квітучі кімнатні рослини,122268,14,12,,
"Дача, сад, город / Рослини і догляд за ними / Кімнатні рослини",Декоративно-листяні кімнатні рослини,122262,14,12,,
"Дача, сад, город / Рослини і догляд за ними / Кімнатні рослини",Кактуси,122273,14,12,,
"Дача, сад, город / Рослини і догляд за ними / Кімнатні рослини",Кімнатні плодові рослини,122266,14,12,,
"Дача, сад, город / Рослини і догляд за ними / Кімнатні рослини",Орхідеї,122264,14,12,,
"Дача, сад, город / Рослини і догляд за ними / Кімнатні рослини",Пальми,122269,14,12,,
"Дача, сад, город / Рослини і догляд за ними / Кімнатні рослини",Рослини хижаки,122271,14,12,,
"Дача, сад, город / Рослини і догляд за ними / Кімнатні рослини",Сукуленти,122272,14,12,,
"Дача, сад, город / Рослини і догляд за ними / Насіння",Міцелій грибів,121976,14,12,,
"Дача, сад, город / Рослини і догляд за ними / Насіння",Набори для вирощування мікрозелені,121978,14,12,,
"Дача, сад, город / Рослини і догляд за ними / Насіння",Насіння бобових культур,121982,14,12,,
"Дача, сад, город / Рослини і догляд за ними / Насіння",Насіння газонних трав,121979,14,12,,
"Дача, сад, город / Рослини і догляд за ними / Насіння",Насіння дерев і чагарників,121983,14,12,,
"Дача, сад, город / Рослини і догляд за ними / Насіння",Насіння зернових культур,121977,14,12,,
"Дача, сад, город / Рослини і догляд за ними / Насіння",Насіння квітів,121986,14,12,,
"Дача, сад, город / Рослини і догляд за ними / Насіння",Насіння овочів,121985,14,12,,
"Дача, сад, город / Рослини і догляд за ними / Насіння",Насіння олійних культур,121975,14,12,,
"Дача, сад, город / Рослини і догляд за ними / Насіння",Насіння пряних і зелених трав,121980,14,12,,
"Дача, сад, город / Рослини і догляд за ними / Насіння",Насіння сидератів і медоносів,121981,14,12,,
"Дача, сад, город / Рослини і догляд за ними / Насіння",Насіння ягід,121984,14,12,,
"Дача, сад, город / Рослини і догляд за ними / Саджанці",Розсада овочів,121993,14,12,,
"Дача, сад, город / Рослини і догляд за ними / Саджанці",Саджанці дерев,121990,14,12,,
"Дача, сад, город / Рослини і догляд за ними / Саджанці",Саджанці квітучих і листяних чагарників,121989,14,12,,
"Дача, сад, город / Рослини і догляд за ними / Саджанці",Саджанці троянд,121992,14,12,,
"Дача, сад, город / Рослини і догляд за ними / Саджанці",Саджанці ягідних культур,121991,14,12,,
"Дача, сад, город / Садовий інвентар",Обприскувачі,105855,14,12,,
Здоров’я / Інтимні товари,Еротичні настільні ігри,112560,15,13,,
Здоров’я / Товари для здоров’я,Аптечки,104652,14,12,,
Канцтовари,Дитяча література,104077,12,10,,
Канцтовари / Книги,"Бізнес, гроші, економіка",104082,12,10,,
Канцтовари / Книги,Книги Будинок та побут,122308,12,10,,
Канцтовари / Книги,Книги для батьків,122307,12,10,,
Канцтовари / Книги,Книги Релігія та езотерика,122313,12,10,,
Канцтовари / Книги,Комікси та манґа,122314,12,10,,
Канцтовари / Книги,Наукова і технічна література,104086,12,10,,
Канцтовари / Книги,Подорожі та спорт,122315,12,10,,
Канцтовари / Книги,Словники та енциклопедії,122306,12,10,,
Канцтовари / Книги,Художня література,104080,12,10,,
Канцтовари / Офісне приладдя,Магнітні дошки,112203,12,10,,
Канцтовари / Паперова продукція,Блокноти,106608,12,10,,
Канцтовари / Паперова продукція,Календарі,122317,12,10,,
Канцтовари / Паперова продукція,"Кольоровий папір, картон",106455,12,10,,
Канцтовари / Паперова продукція,Папір офісний,118308,12,10,,
Канцтовари / Паперова продукція,Щоденники,122316,12,10,,
Канцтовари / Письмові речі,Набори маркерів,118303,12,10,,
Канцтовари / Письмові речі,Набори олівців,118305,12,10,,
Канцтовари / Письмові речі,Набори ручок,118304,12,10,,
Канцтовари / Художні матеріали та хобі,Алмазна мозаїка,107353,12,10,,
Канцтовари / Художні матеріали та хобі,Картини за номерами,105310,12,10,,
Канцтовари / Художні матеріали та хобі,"Мольберти, етюдники, палітри",121867,15,13,,
Канцтовари / Шкільне приладдя,Дитячі рюкзаки,106607,12,10,,
Канцтовари / Шкільне приладдя,Контурні карти та атласи,118309,12,10,,
Канцтовари / Шкільне приладдя,Набір першокласника,118253,12,10,,
Канцтовари / Шкільне приладдя,Набори учнівських зошитів,118307,12,10,,
Канцтовари / Шкільне приладдя,Обкладинки для зошитів та підручників,111707,12,10,,
Канцтовари / Шкільне приладдя,Папки шкільні,111708,12,10,,
Канцтовари / Шкільне приладдя,Пенали,106605,12,10,,
Канцтовари / Шкільне приладдя,"Підручники, навчальні посібники",118204,12,10,,
Канцтовари / Шкільне приладдя,Підставки для книг,111704,12,10,,
Канцтовари / Шкільне приладдя,Тренажери для письма та читання,118302,12,10,,
Канцтовари / Шкільне приладдя,Щоденники шкільні,118252,12,10,,
Макіяж / Аксесуари для макіяжу,Косметичні дзеркала,117902,12,13,,
Макіяж / Аксесуари для макіяжу,Органайзери,102260,12,15,,
"Одяг, взуття, аксесуари / Аксесуари",Брелоки,100344,15,10,,
"Одяг, взуття, аксесуари / Аксесуари",Парасолі,100341,17,10,,
"Одяг, взуття, аксесуари / Аксесуари для догляду за одягом, взуттям",Вакуумні пакети для одягу,102456,12,10,,
"Одяг, взуття, аксесуари / Аксесуари для догляду за одягом, взуттям",Вішалка,104206,12,10,,
"Одяг, взуття, аксесуари / Аксесуари для догляду за одягом, взуттям",Щітка для взуття,100322,12,15,,
"Одяг, взуття, аксесуари / Аксесуари для догляду за одягом, взуттям",Щітка для одягу,100323,12,15,,
"Одяг, взуття, аксесуари / Жіночий одяг / Жіночий нічний та домашній одяг",Жіночі халати,100284,17,15,,
"Одяг, взуття, аксесуари / Жіночий одяг / Жіночий нічний та домашній одяг",Піжами жіночі,100289,17,15,,
"Одяг, взуття, аксесуари / Термобілизна",Термобілизна дитяча,119363,17,15,,
"Одяг, взуття, аксесуари / Термобілизна",Термобілизна жіноча,119361,17,15,,
"Одяг, взуття, аксесуари / Термобілизна",Термобілизна чоловіча,119362,17,15,,
"Одяг, взуття, аксесуари / Чоловічий одяг / Чоловічий нічний та домашній одяг",Чоловічі піжами,116804,17,10,,
"Одяг, взуття, аксесуари / Чоловічий одяг / Чоловічий нічний та домашній одяг",Чоловічі халати,112207,17,10,,
Побутова хімія / Освіжувачі повітря / Різні освіжувачі повітря,Ароматичне саше,100608,12,10,,
Спорт та захоплення,Аксесуари для басейну та аквафітнесу,115815,12,10,,
Спорт та захоплення,Басейни,118503,12,10,,
Спорт та захоплення,М'ячі для командних ігор,121881,12,10,,
Спорт та захоплення / Аксесуари для спортивного харчування,Контейнери для спортивного харчування,115809,12,10,,
Спорт та захоплення / Аксесуари для спортивного харчування,Пляшки для води,100919,12,10,,
Спорт та захоплення / Аксесуари для спортивного харчування,Спортивні шейкери,104557,12,13,,
Спорт та захоплення / Аксесуари для спортивного харчування,Таблетниці,104559,12,13,,
"Спорт та захоплення / Активний відпочинок, туризм та хобі / Аксесуари для активного відпочинку та туризму",Набори для пікніка,122279,15,13,,
"Спорт та захоплення / Активний відпочинок, туризм та хобі / Аксесуари для активного відпочинку та туризму",Туристичні грілки,121269,15,10,,
"Спорт та захоплення / Активний відпочинок, туризм та хобі / Аксесуари для активного відпочинку та туризму",Туристичні ножі,122278,15,10,,
"Спорт та захоплення / Активний відпочинок, туризм та хобі / Туризм і кемпінг",Газові балони і комплектуючі,121259,12,10,,
"Спорт та захоплення / Активний відпочинок, туризм та хобі / Туризм і кемпінг",Комплектуючі до туристичних пальників,121256,12,10,,
"Спорт та захоплення / Активний відпочинок, туризм та хобі / Туризм і кемпінг",Надувні меблі й аксесуари,121883,12,10,,
"Спорт та захоплення / Активний відпочинок, туризм та хобі / Туризм і кемпінг",Складані меблі,121267,12,10,,
"Спорт та захоплення / Активний відпочинок, туризм та хобі / Туризм і кемпінг",Спальні мішки,121260,12,10,,
"Спорт та захоплення / Активний відпочинок, туризм та хобі / Туризм і кемпінг",Термопродукція,122467,12,10,,
"Спорт та захоплення / Активний відпочинок, туризм та хобі / Туризм і кемпінг",Туристичні килимки,121261,12,8,,
"Спорт та захоплення / Активний відпочинок, туризм та хобі / Туризм і кемпінг",Туристичні пальники,121255,12,8,,
Спорт та захоплення / Електротранспорт,Гіроборди,121820,10,8,,
Спорт та захоплення / Електротранспорт,Гіроскутери,121853,10,8,,
Спорт та захоплення / Електротранспорт,Електровелосипеди,121819,10,10,,
Спорт та захоплення / Електротранспорт,Електросамокати,121817,10,10,,
Спорт та захоплення / Ігрові види спорту,Аксесуари для ігрового спорту,122073,12,10,,
Спорт та захоплення / Ігрові види спорту,"Бадмінтон, спідмінтон, сквош",121882,12,10,,
Спорт та захоплення / Ігрові види спорту,Баскетбол,122075,12,10,,
Спорт та захоплення / Ігрові види спорту,Бейсбол,122074,12,10,,
Спорт та захоплення / Ігрові види спорту,Дартс,122071,12,10,,
Спорт та захоплення / Ігрові види спорту,Ігрова форма і екіпірування,122072,12,10,,
Спорт та захоплення / Ігрові види спорту / Великий теніс,М'ячі для великого тенісу,122070,12,10,,
Спорт та захоплення / Ігрові види спорту / Великий теніс,Ракетки для великого тенісу,122068,12,10,,
Спорт та захоплення / Ігрові види спорту / Настільний теніс,М'ячі для настільного тенісу,121875,12,10,,
Спорт та захоплення / Ігрові види спорту / Настільний теніс,Накладки для ракеток,122077,12,10,,
Спорт та захоплення / Ігрові види спорту / Настільний теніс,Основи для ракеток,122086,12,10,,
Спорт та захоплення / Ігрові види спорту / Настільний теніс,Ракетки для настільного тенісу,121874,12,10,,
Спорт та захоплення / Ігрові види спорту / Настільний теніс,Сітки для настільного тенісу,121880,12,10,,
Спорт та захоплення / Ігрові види спорту / Настільний теніс,Столи для настільного тенісу,122076,12,10,,
Спорт та захоплення / Одяг та спортивні аксесуари,Компресійний одяг,115813,12,10,,
Спорт та захоплення / Одяг та спортивні аксесуари,Одяг для схуднення,115814,12,10,,
Спорт та захоплення / Одяг та спортивні аксесуари,Спортивні бинти,115812,12,10,,
Спорт та захоплення / Одяг та спортивні аксесуари,Спортивні окуляри,115811,12,8,,
Спорт та захоплення / Одяг та спортивні аксесуари,Спортивні сумки та чохли,104564,12,8,,
Спорт та захоплення / Скейтборди,Лонгборди,121857,10,8,,
Спорт та захоплення / Скейтборди,Пеніборди,121855,10,8,,
Спорт та захоплення / Скейтборди,Рипстики,121856,10,10,,
Спорт та захоплення / Скейтборди,Скейтборди (класичні),105306,10,10,,
Спорт та захоплення / Товари для плавання,Беруші та затискачі для носа,122091,12,10,,
Спорт та захоплення / Товари для плавання,Окуляри для плавання,122089,12,8,,
Спорт та захоплення / Товари для плавання,Шапочки для плавання,122090,12,8,,
Спорт та захоплення / Тренажери,Батути й аксесуари,122061,10,8,,
Спорт та захоплення / Тренажери,Бігові доріжки,122056,10,8,,
Спорт та захоплення / Тренажери,Велотренажери,122057,10,8,,
Спорт та захоплення / Тренажери,Гімнастичні снаряди,122066,10,8,,
Спорт та захоплення / Тренажери,Гребні тренажери,122064,10,8,,
Спорт та захоплення / Тренажери,Запчастини для тренажерів,122065,10,8,,
Спорт та захоплення / Тренажери,Орбітреки,122059,10,8,,
Спорт та захоплення / Тренажери,Силові тренажери,122060,10,8,,
Спорт та захоплення / Тренажери,Степери,122062,10,10,,
Спорт та захоплення / Тренажери,Шведські стінки та турніки,122063,10,10,,
"Спорт та захоплення / Тренажери / Штанги, гирі та гантелі",Гантелі,113153,12,10,,
"Спорт та захоплення / Тренажери / Штанги, гирі та гантелі",Гирі,115826,12,10,,
"Спорт та захоплення / Тренажери / Штанги, гирі та гантелі",Грифи,115827,12,10,,
"Спорт та захоплення / Тренажери / Штанги, гирі та гантелі",Диски для штанг та гантелей,115828,12,10,,
"Спорт та захоплення / Тренажери / Штанги, гирі та гантелі",Набори штанга та гантелі,115830,12,10,,
"Спорт та захоплення / Тренажери / Штанги, гирі та гантелі",Штанги,115829,12,10,,
Спорт та захоплення / Устаткування для тренувань,Балансувальні платформи,115757,12,10,,
Спорт та захоплення / Устаткування для тренувань,Гімнастичні палиці,115754,12,10,,
Спорт та захоплення / Устаткування для тренувань,Гравітаційні черевики,115803,12,10,,
Спорт та захоплення / Устаткування для тренувань,Диски здоров'я,115704,12,10,,
Спорт та захоплення / Устаткування для тренувань,Еспандери (фітнес гумки),110704,12,10,,
Спорт та захоплення / Устаткування для тренувань,Йога,115705,12,10,,
Спорт та захоплення / Устаткування для тренувань,Кільця для пілатесу,115753,12,10,,
Спорт та захоплення / Устаткування для тренувань,"Лямки, гачки, накладки",104563,12,10,,
Спорт та захоплення / Устаткування для тренувань,Маски для тренувань,115805,12,10,,
Спорт та захоплення / Устаткування для тренувань,Мішки для кросфіту,115808,12,10,,
Спорт та захоплення / Устаткування для тренувань,Обважнювачі,115802,12,10,,
Спорт та захоплення / Устаткування для тренувань,Петлі TRX,115806,12,10,,
Спорт та захоплення / Устаткування для тренувань,Пояси та рукавички для фітнесу,115703,12,10,,
Спорт та захоплення / Устаткування для тренувань,Ролики для преса,110705,12,10,,
Спорт та захоплення / Устаткування для тренувань,Скакалки,110703,12,10,,
Спорт та захоплення / Устаткування для тренувань,Спортивна магнезія,104566,12,10,,
Спорт та захоплення / Устаткування для тренувань,Спортивні канати,115807,12,10,,
Спорт та захоплення / Устаткування для тренувань,Спортивні мати,115756,12,10,,
Спорт та захоплення / Устаткування для тренувань,Спортивні обручі,115702,12,10,,
Спорт та захоплення / Устаткування для тренувань,Степ платформи,115752,12,10,,
Спорт та захоплення / Устаткування для тренувань,Упори для віджимань,115804,12,10,,
Спорт та захоплення / Устаткування для тренувань,Фітнес джампери,115758,12,13,,
Спорт та захоплення / Устаткування для тренувань,Фітнес м'ячі,113152,12,10,,
Техніка для краси та здоровʼя,Акумулятори та батарейки,120712,15,13,,
Техніка для краси та здоровʼя,Електричні масажери,116273,12,15,,
Техніка для краси та здоровʼя / Аксесуари для електроніки,"Мережеві фільтри, адаптери та подовжувачі",121358,15,15,,
Техніка для краси та здоровʼя / Аксесуари для мобільних телефонів і смартфонів,Селфі-палиці,117907,17,8,,
Техніка для краси та здоровʼя / Аксесуари для мобільних телефонів і смартфонів,Тримачі,117906,17,10,,
Техніка для краси та здоровʼя / Альтернативні джерела енергії,Сонячні панелі,122312,10,8,,
Техніка для краси та здоровʼя / Дрібна побутова техніка,Пилки електричні для манікюру та педикюру,104406,12,8,,
Техніка для краси та здоровʼя / Електромонтажне обладнання / Низьковольтне обладнання,Реле,121356,10,8,,
Техніка для краси та здоровʼя / Енергообладнення,Акумулятори для інвертора,121360,10,8,,
Техніка для краси та здоровʼя / Енергообладнення,Мережеві інвертори,121359,10,8,,
Техніка для краси та здоровʼя / Енергообладнення,Стабілізатори напруги,121353,10,8,,
Техніка для краси та здоровʼя / Кліматична техніка,Вентилятор побутовий,122255,10,8,,
Техніка для краси та здоровʼя / Кліматична техніка,Зволожувач повітря,104264,10,7,,
Техніка для краси та здоровʼя / Кліматична техніка,Міні-кондиціонери,122310,10,5,,
Техніка для краси та здоровʼя / Комп'ютерні комплектуючі,Джерела безперебійного живлення,119704,10,13,,
Техніка для краси та здоровʼя / Повербанки та зарядні станції,Зарядні станції,120711,8,10,,
Техніка для краси та здоровʼя / Повербанки та зарядні станції,Універсальні мобільні батареї,119658,15,10,,
Техніка для краси та здоровʼя / Постільна білизна з підігрівом,Електрогрілки,119353,12,10,,
Техніка для краси та здоровʼя / Постільна білизна з підігрівом,Електроковдри,119303,12,10,,
Техніка для краси та здоровʼя / Постільна білизна з підігрівом,Електропростирадла,119352,12,10,,
Техніка для краси та здоровʼя / Техніка для б’юті-майстрів,Лампи для гель-лаку,100102,12,10,,
Техніка для краси та здоровʼя / Техніка для б’юті-майстрів,Фрезери,103704,12,10,,
Техніка для краси та здоровʼя / Техніка для догляду за домом і одягом,Електросушарки для білизни,121271,12,10,,
Техніка для краси та здоровʼя / Техніка для догляду за домом і одягом,Машинки для зістригання ковтунців,104404,12,10,,
Техніка для краси та здоровʼя / Техніка для догляду за домом і одягом,Сушарки для взуття,103352,12,10,,
Техніка для краси та здоровʼя / Техніка для краси та здоров'я,Ваги для підлоги,104263,12,10,,
Техніка для краси та здоровʼя / Техніка для кухні,Вакууматори,121459,12,10,,
Товари для авто / Хімія та косметика для автомобіля / Автокосметика,Автошампунь,104254,12,10,,
Товари для авто / Хімія та косметика для автомобіля / Автокосметика,Аксесуари для автохімії та автокосметики,104257,12,10,,
Товари для авто / Хімія та косметика для автомобіля / Автокосметика,Віск автомобільний,104252,12,10,,
Товари для авто / Хімія та косметика для автомобіля / Автокосметика,Засоби для очищення автосалону,104211,12,10,,
Товари для авто / Хімія та косметика для автомобіля / Автокосметика,Засоби для очищення коліс,121672,12,10,,
Товари для авто / Хімія та косметика для автомобіля / Автокосметика,Засоби для очищення кузова,121671,12,10,,
Товари для авто / Хімія та косметика для автомобіля / Автокосметика,Керамічне покриття для автомобіля,104256,12,10,,
Товари для авто / Хімія та косметика для автомобіля / Автокосметика,Освіжувачі для салонів автомобіля,104258,12,10,,
Товари для авто / Хімія та косметика для автомобіля / Автокосметика,Поліроль автомобільний,104212,12,10,,
Товари для авто / Хімія та косметика для автомобіля / Автокосметика,Рідина для склоомивача автомобільна,105154,12,13,,
Товари для дітей / Дитяча кімната,Безпека малюків,101565,12,10,,
Товари для дітей / Дитяча кімната,Дитячі ліжечка,121858,15,13,,
Товари для дітей / Дитяча кімната,Дитячі нічники,115652,12,13,,
Товари для дітей / Дитяча кімната,Дитячі стільці,121861,15,13,,
Товари для дітей / Дитяча кімната,Дитячі шезлонги-гойдалки та колисальні центри,121859,15,10,,
Товари для дітей / Дитяча кімната,Комоди та пеленатори,121860,15,13,,
Товари для дітей / Дитяча кімната,Манежі,116256,12,10,,
Товари для дітей / Дитяча кімната,Парти,121862,15,10,,
Товари для дітей / Дитяча кімната,Радіоняні,116261,12,10,,
Товари для дітей / Дитяча кімната,Розвивальні килимки,101232,12,10,,
Товари для дітей / Дитяча кімната,Стільчики для годування,116257,12,10,,
Товари для дітей / Дитяча кімната,Столи для малювання,107152,12,13,,
Товари для дітей / Дитяча кімната,Ходунки та стрибунки,116264,12,15,,
Товари для дітей / Дитяча кімната,Ящики для іграшок,121863,15,15,,
Товари для дітей / Дитяче взуття / Черевики і чоботи,Гумові чоботи для дівчаток,118512,17,8,,
Товари для дітей / Дитяче взуття / Черевики і чоботи,Гумові чоботи для хлопчиків,118513,17,8,,
Товари для дітей / Дитячий догляд,"Дитячі горщики, сидіння та накладки",116253,10,8,,
Товари для дітей / Дитячий догляд,Дитячі підставки-сходинки для ванної і туалету,121868,10,5,,
Товари для дітей / Дитячий догляд / Аксесуари для годування,Аксесуари для дитячого посуду,119956,10,10,,
Товари для дітей / Дитячий догляд / Аксесуари для годування,Дитячі кухонні комбайни,101464,5,8,,
Товари для дітей / Дитячий догляд / Аксесуари для годування,Набір дитячого посуду,101217,12,8,,
Товари для дітей / Дитячий догляд / Аксесуари для годування,Пляшечки для годування,101212,10,8,,
Товари для дітей / Дитячий догляд / Аксесуари для годування,Пустушки,101206,10,8,,
Товари для дітей / Дитячий догляд / Аксесуари для годування,Слинявчики,101223,10,10,,
Товари для дітей / Дитячий догляд / Аксесуари для годування,Соски,101228,10,13,,
Товари для дітей / Дитячий догляд / Аксесуари для годування,Стерилізатори та підігрівачі,119356,12,8,,
Товари для дітей / Дитячий догляд / Аксесуари для догляду за малюками,Іграшки для купання (ванни),101197,15,10,,
Товари для дітей / Дитячий догляд / Аксесуари для купання дітей,Дитячі ванночки та аксесуари,116263,10,10,,
Товари для дітей / Дитячий догляд / Товари для догляду за шкірою,Лосьйон для тіла дитячий,101180,12,15,,
Товари для дітей / Дитячий догляд / Товари для купання дітей,Шампунь для волосся дитячий,101167,12,15,,
Товари для дітей / Дитячий одяг,Колготки дитячі,100362,17,15,,
Товари для дітей / Дитячий одяг,Шкарпетки дитячі,100370,17,15,,
Товари для дітей / Дитячий одяг / Верхній одяг,Дощовики для дівчаток,118508,17,15,,
Товари для дітей / Дитячий одяг / Верхній одяг,Дощовики для хлопчиків,118509,17,15,,
Товари для дітей / Дитячий одяг / Верхній одяг,Теплі комбінезони для дівчаток,119359,17,15,,
Товари для дітей / Дитячий одяг / Верхній одяг,Теплі комбінезони для хлопчиків,119360,17,15,,
"Товари для дітей / Дитячий одяг / Дитячі шапки, шарфи, рукавички",Дитячі комплекти головних уборів,120003,17,15,,
Товари для дітей / Дитячий одяг / Одяг для малюків,Боді для малюків,120008,17,15,,
Товари для дітей / Дитячий одяг / Одяг для малюків,Спальники для малюків,120009,17,15,,
Товари для дітей / Дитячий одяг / Одяг для малюків,Теплі комбінезони для малюків,119358,17,15,,
Товари для дітей / Дитячий одяг / Одяг для малюків,Чоловічки для малюків,119957,17,15,,
Товари для дітей / Дитячий одяг / Піжами та домашній одяг,Піжама для дівчаток,100360,17,15,,
Товари для дітей / Дитячий одяг / Піжами та домашній одяг,Піжама для хлопчиків,100365,17,15,,
Товари для дітей / Дитячий одяг / Піжами та домашній одяг,Халати для дівчаток,112209,17,15,,
Товари для дітей / Дитячий одяг / Піжами та домашній одяг,Халати для хлопчиків,112210,17,15,,
Товари для дітей / Дитячий одяг / Спідня білизна,Комплекти білизни для дівчаток,118514,17,15,,
Товари для дітей / Дитячий одяг / Спідня білизна,Комплекти білизни для хлопчиків,118515,17,15,,
Товари для дітей / Дитячий одяг / Футболки та сорочки,Вишиванки для дівчаток,118506,17,8,,
Товари для дітей / Дитячий одяг / Футболки та сорочки,Вишиванки для хлопчиків,118505,17,8,,
Товари для дітей / Дитячий транспорт,Біговели,116269,10,8,,
Товари для дітей / Дитячий транспорт,Дитячі велосипеди,100378,10,8,,
Товари для дітей / Дитячий транспорт,Дитячі електро- та веломобілі,116265,10,8,,
Товари для дітей / Дитячий транспорт,Дитячі роликові ковзани,116266,10,8,,
Товари для дітей / Дитячий транспорт,Дитячі самокати,116267,10,8,,
Товари для дітей / Дитячий транспорт,Захист,116268,10,13,,
Товари для дітей / Дитячий транспорт,Толокари й чудомобілі,105921,10,13,,
Товари для дітей / Дитячі іграшки,Автомобілі,105327,15,13,,
Товари для дітей / Дитячі іграшки,Аксесуари для ляльок та пупсів,101239,15,13,,
Товари для дітей / Дитячі іграшки,Іграшки для малюків,120713,15,13,,
Товари для дітей / Дитячі іграшки,Іграшкова зброя,120714,15,13,,
Товари для дітей / Дитячі іграшки,Іграшкові роботи,105312,15,13,,
Товари для дітей / Дитячі іграшки,Ігри для вулиці,105952,15,13,,
Товари для дітей / Дитячі іграшки,Інтерактивні іграшки,121901,15,13,,
Товари для дітей / Дитячі іграшки,Конструктори,105338,15,13,,
Товари для дітей / Дитячі іграшки,Ляльки,101230,15,13,,
Товари для дітей / Дитячі іграшки,Мобілі,101240,15,13,,
Товари для дітей / Дитячі іграшки,Мʼякі іграшки,101231,15,13,,
Товари для дітей / Дитячі іграшки,Настільні ігри,104207,15,13,,
Товари для дітей / Дитячі іграшки,"Наукові ігри, фокуси та досліди",105922,15,13,,
Товари для дітей / Дитячі іграшки,Пазли,105311,15,13,,
Товари для дітей / Дитячі іграшки,Пупси,101236,15,13,,
Товари для дітей / Дитячі іграшки,Радіокеровані моделі,105752,15,13,,
Товари для дітей / Дитячі іграшки,Скарбнички,121869,15,13,,
Товари для дітей / Дитячі іграшки,Товари для малювання,105923,15,13,,
Товари для дітей / Дитячі іграшки / Аксесуари для ляльок,Будинки для ляльок,120710,15,13,,
Товари для дітей / Дитячі іграшки / Іграшки для малюків,Бізіборди,117856,15,13,,
Товари для дітей / Дитячі іграшки / Іграшки для малюків,Брязкальця та прорізувачі,121894,15,8,,
Товари для дітей / Дитячі іграшки / Іграшки для малюків,Розвивальні ігрові центри,121900,15,13,,
Товари для дітей / Дитячі іграшки / Ігри для активного відпочинку,Спортивні комплекси,121866,10,13,,
Товари для дітей / Дитячі іграшки / Настільні розваги,Головоломки,105918,15,13,,
Товари для дітей / Дитячі іграшки / Смарті-грашки та гаджети,Дитячі комп'ютери,121899,15,13,,
Товари для дітей / Дитячі іграшки / Смарті-грашки та гаджети,Музичні інструменти,119856,15,13,,
Товари для дітей / Дитячі іграшки / Творчість і розвиток,3D-малювання,117854,15,13,,
Товари для дітей / Дитячі іграшки / Творчість і розвиток,3D-ручки,117852,15,13,,
Товари для дітей / Дитячі іграшки / Творчість і розвиток,Антистрес,105924,15,13,,
Товари для дітей / Дитячі іграшки / Творчість і розвиток,Аплікації та вироби з паперу,121891,15,13,,
Товари для дітей / Дитячі іграшки / Творчість і розвиток,Випалювання по дереву,121892,15,13,,
Товари для дітей / Дитячі іграшки / Творчість і розвиток,Декупаж та розпис,121888,15,13,,
Товари для дітей / Дитячі іграшки / Творчість і розвиток,Дитяча мозаїка,119855,15,13,,
Товари для дітей / Дитячі іграшки / Творчість і розвиток,Дитячі фотоапарати та відеокамери,110859,15,13,,
Товари для дітей / Дитячі іграшки / Творчість і розвиток,Дошки для малювання,121898,15,13,,
Товари для дітей / Дитячі іграшки / Творчість і розвиток,Набір для ліплення,105308,15,13,,
Товари для дітей / Дитячі іграшки / Творчість і розвиток,Набори для виготовлення іграшок,121886,15,13,,
Товари для дітей / Дитячі іграшки / Творчість і розвиток,Набори для виготовлення прикрас,121870,15,13,,
Товари для дітей / Дитячі іграшки / Творчість і розвиток,Набори для вишивання,121893,15,13,,
Товари для дітей / Дитячі іграшки / Творчість і розвиток,Набори для творчості,105309,15,13,,
Товари для дітей / Дитячі іграшки / Творчість і розвиток,Наліпки та стікери,116705,15,13,,
Товари для дітей / Дитячі іграшки / Творчість і розвиток,Пластик для 3D ручок,117853,15,13,,
Товари для дітей / Дитячі іграшки / Творчість і розвиток,Плетіння декору та аксесуарів,121902,15,13,,
Товари для дітей / Дитячі іграшки / Творчість і розвиток,Портативні дитячі принтери,121279,15,13,,
Товари для дітей / Дитячі іграшки / Творчість і розвиток,Різні набори для дитячої творчості,120704,15,13,,
Товари для дітей / Дитячі іграшки / Творчість і розвиток,Скрапбукінг і кардмейкінг,121887,15,13,,
Товари для дітей / Дитячі іграшки / Творчість і розвиток,Шиття та в'язання,121889,15,13,,
Товари для дітей / Дитячі іграшки / Транспорт і спецтехніка,Іграшкові машинки та техніка,120703,15,10,,
Товари для дітей / Дитячі іграшки / Фігурки тварин та персонажів,Ігрові фігурки,120707,15,10,,
Товари для дітей / Ігри для активного відпочинку,Дитячі гірки,116259,12,10,,
Товари для дітей / Ігри для активного відпочинку,Дитячі ігрові будиночки,116260,12,10,,
Товари для дітей / Ігри для активного відпочинку,Дитячі качелі та качалки,110052,12,5,,
Товари для дітей / Ігри для активного відпочинку,"Намети, тунелі",105920,12,5,,
Товари для дітей / Прогулянки та поїздки,Аксесуари до колясок і автокрісел,121814,8,5,,
Товари для дітей / Прогулянки та поїздки,Дитячі автокрісла,121815,8,10,,
Товари для дітей / Прогулянки та поїздки,Дитячі коляски,121811,8,10,,
Товари для дітей / Товари для мам,Молоковідсмоктувач,101417,12,10,,
Товари для дітей / Товари для мам,Накидки для годування,119355,12,10,,
Товари для дітей / Товари для мам,"Слінги, рюкзаки, переноски",119354,12,10,,
Товари для дітей / Товари для мам,Сумки до пологового будинку,100385,12,10,,
Товари для дому,Килими,112103,12,10,,
Товари для дому / Аксесуари для ванної кімнати,Гачки та планки для ванної кімнати,118702,12,10,,
Товари для дому / Аксесуари для ванної кімнати,Дзеркала в ванну,122363,12,10,,
Товари для дому / Аксесуари для ванної кімнати,Дозатори для зубної пасти,122460,12,10,,
Товари для дому / Аксесуари для ванної кімнати,Дозатори для мила,118705,12,10,,
Товари для дому / Аксесуари для ванної кімнати,Йоржик для туалету,104006,12,10,,
Товари для дому / Аксесуари для ванної кімнати,Карнизи для ванної кімнати,122410,12,10,,
Товари для дому / Аксесуари для ванної кімнати,Мильниці,118703,12,10,,
Товари для дому / Аксесуари для ванної кімнати,Набори для ванної кімнати,118709,12,10,,
Товари для дому / Аксесуари для ванної кімнати,Підставки для зубних щіток,118706,12,10,,
Товари для дому / Аксесуари для ванної кімнати,Полиці у ванну,118704,12,10,,
Товари для дому / Аксесуари для ванної кімнати,Поручні для ванної кімнати,122458,12,10,,
Товари для дому / Аксесуари для ванної кімнати,Сидіння для унітазу,122466,12,10,,
Товари для дому / Аксесуари для ванної кімнати,Сушарки для рук,122457,12,10,,
Товари для дому / Аксесуари для ванної кімнати,Тримачі для ванної кімнати,122459,12,10,,
Товари для дому / Аксесуари для ванної кімнати,Тримачі рушників,118707,12,10,,
Товари для дому / Аксесуари для ванної кімнати,Тримачі санітарних накладок,122465,12,10,,
Товари для дому / Аксесуари для ванної кімнати,Тримачі туалетного паперу,118708,12,10,,
Товари для дому / Господарський інвентар,Вологопоглиначі,121274,12,10,,
Товари для дому / Господарський інвентар / Аксесуари для прання,Мішки та кульки для прання,113808,12,10,,
Товари для дому / Господарський інвентар / Аксесуари для прання,Прищіпки,103313,12,10,,
Товари для дому / Господарський інвентар / Господарські товари,Губки кухонні,101136,12,10,,
Товари для дому / Господарський інвентар / Інструменти для прибирання,Відра,101713,12,10,,
Товари для дому / Господарський інвентар / Інструменти для прибирання,Відра та кошики для сміття,121277,12,10,,
Товари для дому / Господарський інвентар / Інструменти для прибирання,Візки для прибирання,118653,12,10,,
Товари для дому / Господарський інвентар / Інструменти для прибирання,Віники та щітки,101901,12,10,,
Товари для дому / Господарський інвентар / Інструменти для прибирання,Комплект совок та щітка,118654,12,10,,
Товари для дому / Господарський інвентар / Інструменти для прибирання,Комплекти швабра з відром,101716,12,10,,
Товари для дому / Господарський інвентар / Інструменти для прибирання,Совки для прибирання,101717,12,10,,
Товари для дому / Господарський інвентар / Інструменти для прибирання,Тази,121275,12,10,,
Товари для дому / Господарський інвентар / Інструменти для прибирання,Швабри,101714,12,10,,
Товари для дому / Господарський інвентар / Інструменти для прибирання,Швабри для вікон та скребки,118652,12,10,,
Товари для дому / Декор для дому,Біжутерниці,112006,12,10,,
Товари для дому / Декор для дому,Вази,104309,12,10,,
Товари для дому / Декор для дому,Декоративні тарілки,112009,12,10,,
Товари для дому / Декор для дому,Дерева щастя,112010,12,10,,
Товари для дому / Декор для дому,Картини,112204,12,10,,
Товари для дому / Декор для дому,Свічки,103202,12,10,,
Товари для дому / Декор для дому,Свічники,104852,12,10,,
Товари для дому / Декор для дому,"Скриньки, футляри, скрині",112154,12,10,,
Товари для дому / Декор для дому,Статуетки,112110,12,10,,
Товари для дому / Декор для дому,Стопери для дверей,112111,12,10,,
Товари для дому / Декор для дому,Таблички та наклейки,112112,12,10,,
Товари для дому / Декор для дому,Фен-шуй,112114,12,10,,
Товари для дому / Декор для дому,Фотоальбоми,112152,12,10,,
Товари для дому / Декор для дому,Фоторамки,112153,12,10,,
Товари для дому / Декор для дому,Штучні квіти,112052,12,10,,
Товари для дому / Декор для дому / Ароматерапія,Аксесуари для ароматерапії та пахощів,112004,12,10,,
Товари для дому / Декор для дому / Ароматерапія,Аромадекор,112005,12,10,,
Товари для дому / Декор для дому / Ароматерапія,Аромадифузори,100612,12,10,,
Товари для дому / Декор для дому / Ароматерапія,Аромалампи,100267,12,10,,
Товари для дому / Декор для дому / Ароматерапія,Ефірні олії,100269,12,10,,
Товари для дому / Декор для дому / Ароматерапія,Пахощі,112007,12,10,,
Товари для дому / Декор для дому / Настінний декор,Високооб'ємні панорами,112008,12,10,,
Товари для дому / Декор для дому / Настінний декор,Карти,112102,12,10,,
Товари для дому / Декор для дому / Настінний декор,Крейдяні плівки,112003,12,10,,
Товари для дому / Декор для дому / Настінний декор,Мудборди,112104,12,10,,
Товари для дому / Декор для дому / Настінний декор,Наклейки на стіну,112105,12,10,,
Товари для дому / Декор для дому / Настінний декор,Настінні ключниці,112106,12,10,,
Товари для дому / Декор для дому / Настінний декор,Панно та барельєфи,112107,12,10,,
Товари для дому / Декор для дому / Настінний декор,Постери,112108,12,10,,
Товари для дому / Декор для дому / Настінний декор,Скіналі,112109,12,10,,
Товари для дому / Декор для дому / Настінний декор,Трафарети для стін,112113,12,10,,
Товари для дому / Декор для дому / Настінний декор,Фігури,112115,12,10,,
Товари для дому / Зберігання та організація простору,Коробки для зберігання,104054,12,13,,
Товари для дому / Зберігання та організація простору,Кошики для білизни,104205,12,10,,
Товари для дому / Зберігання та організація простору,Кошики для зберігання,104053,15,10,,
Товари для дому / Зберігання та організація простору,Органайзери для зберігання,104056,12,10,,
Товари для дому / Зберігання та організація простору,Прасувальні дошки,121272,12,10,,
Товари для дому / Зберігання та організація простору,Сушарки для одягу,121273,12,10,,
Товари для дому / Зберігання та організація простору,Чохли для одягу,104058,12,10,,
Товари для дому / Освітлення,Вуличне освітлення,116272,12,10,,
Товари для дому / Освітлення,Ліхтарі та аксесуари,116270,12,10,,
Товари для дому / Освітлення,Настільні лампи,117861,12,10,,
Товари для дому / Освітлення,Нічник,102253,12,10,,
Товари для дому / Освітлення,Світлодіодна стрічка,114011,12,10,,
Товари для дому / Освітлення,Студійне світло,116271,12,10,,
Товари для дому / Освітлення,Торшери,117869,12,10,,
Товари для дому / Освітлення / Лампи,Лампи галогенні,114007,12,10,,
Товари для дому / Освітлення / Лампи,Лампи люмінесцентні (енергозберігаючі),114008,12,10,,
Товари для дому / Освітлення / Лампи,Лампи розжарювання,114009,12,10,,
Товари для дому / Освітлення / Лампи,Лампи спеціальні,114010,12,10,,
Товари для дому / Освітлення / Лампи,Світлодіодні лампи (LED),104307,12,10,,
Товари для дому / Посуд,Форми та листи для випічки,114003,12,10,,
Товари для дому / Посуд / Ємності для зберігання харчових продуктів,Банки для консервування,113753,12,10,,
Товари для дому / Посуд / Ємності для зберігання харчових продуктів,Банки та ємності,100896,12,10,,
Товари для дому / Посуд / Ємності для зберігання харчових продуктів,Бочки та діжки,100906,12,10,,
Товари для дому / Посуд / Ємності для зберігання харчових продуктів,Ємності для олії або оцту,100920,12,10,,
Товари для дому / Посуд / Ємності для зберігання харчових продуктів,Кошики (фруктівниці),100968,12,10,,
Товари для дому / Посуд / Ємності для зберігання харчових продуктів,Підвісні сітки сушарки,119052,12,10,,
Товари для дому / Посуд / Ємності для зберігання харчових продуктів,Приладдя для спецій,101077,12,10,,
Товари для дому / Посуд / Ємності для зберігання харчових продуктів,Термоси та термокухлі,113755,12,10,,
Товари для дому / Посуд / Ємності для зберігання харчових продуктів,Харчові контейнери,100911,12,10,,
Товари для дому / Посуд / Ємності для зберігання харчових продуктів,Хлібниці,100902,12,10,,
Товари для дому / Посуд / Кондитерське приладдя,Кондитерський інвентар,113904,12,10,,
Товари для дому / Посуд / Кондитерське приладдя,Кондитерські килимки та підкладки,100990,12,10,,
Товари для дому / Посуд / Кондитерське приладдя,Кондитерські ножі та різаки,113903,12,10,,
Товари для дому / Посуд / Кондитерське приладдя,Кондитерські шприци та мішки,100992,12,10,,
Товари для дому / Посуд / Кондитерське приладдя,Приладдя для роботи з мастикою та марципаном,113905,12,10,,
Товари для дому / Посуд / Кондитерське приладдя,Скалки,104093,12,10,,
Товари для дому / Посуд / Кондитерське приладдя,Трафарет кондитерський,101043,12,10,,
Товари для дому / Посуд / Кухонне приладдя,Аксесуари для миття посуду,113752,12,10,,
Товари для дому / Посуд / Кухонне приладдя,Аксесуари для обробки м'яса,113653,12,10,,
Товари для дому / Посуд / Кухонне приладдя,Віддільники кісточок,103803,12,10,,
Товари для дому / Посуд / Кухонне приладдя,Дошка обробна,100984,12,10,,
Товари для дому / Посуд / Кухонне приладдя,Друшляки і сито,101035,12,10,,
Товари для дому / Посуд / Кухонне приладдя,Запальнички для кухні,113654,12,10,,
Товари для дому / Посуд / Кухонне приладдя,Консервні ножі та ключі,100994,12,10,,
Товари для дому / Посуд / Кухонне приладдя,"Кухарські лопатки, ложки, виделки",113657,12,10,,
Товари для дому / Посуд / Кухонне приладдя,Кухонні таймери,104402,12,10,,
Товари для дому / Посуд / Кухонне приладдя,Кухонні термометри,113655,12,10,,
Товари для дому / Посуд / Кухонне приладдя,Масляни,100951,12,10,,
Товари для дому / Посуд / Кухонне приладдя,Миски та ємності для змішування,101009,12,10,,
Товари для дому / Посуд / Кухонне приладдя,Мірний посуд,101008,12,10,,
Товари для дому / Посуд / Кухонне приладдя,Набір кухонного приладдя,101094,12,10,,
Товари для дому / Посуд / Кухонне приладдя,Овочечистки,101014,12,10,,
Товари для дому / Посуд / Кухонне приладдя,"Підставки, тримачі",113703,12,10,,
Товари для дому / Посуд / Кухонне приладдя,"Преси, горіхоли",113658,12,10,,
Товари для дому / Посуд / Кухонне приладдя,Соковитискач для цитрусових,101037,12,10,,
Товари для дому / Посуд / Кухонне приладдя,Ступки,113656,12,10,,
Товари для дому / Посуд / Кухонне приладдя,Сушіння та органайзери для посуду,113702,12,10,,
Товари для дому / Посуд / Кухонне приладдя,"Тертки, овочерізки",105454,12,10,,
Товари для дому / Посуд / Кухонне приладдя,Тримач для паперових рушників,104064,12,10,,
Товари для дому / Посуд / Кухонне приладдя,Форми,113707,12,10,,
Товари для дому / Посуд / Кухонне приладдя,Цукровиці,100957,12,10,,
"Товари для дому / Посуд / Ножі, ножиці, топірці",Кухонні ножиці,100996,12,10,,
"Товари для дому / Посуд / Ножі, ножиці, топірці",Набори ножів,101097,12,10,,
"Товари для дому / Посуд / Ножі, ножиці, топірці",Ніж кухонний,101013,12,10,,
"Товари для дому / Посуд / Ножі, ножиці, топірці",Підставки та планки для ножів,104063,12,10,,
"Товари для дому / Посуд / Ножі, ножиці, топірці",Точило (мусат),101042,12,10,,
Товари для дому / Посуд / Посуд для бару та барний інвентар,Барні аксесуари,113803,12,10,,
Товари для дому / Посуд / Посуд для бару та барний інвентар,Барні шейкери,113804,12,10,,
Товари для дому / Посуд / Посуд для бару та барний інвентар,Відра для льоду,100948,12,10,,
Товари для дому / Посуд / Посуд для бару та барний інвентар,Камені для віскі,114012,12,10,,
Товари для дому / Посуд / Посуд для бару та барний інвентар,Лоток для льоду,101001,12,10,,
Товари для дому / Посуд / Посуд для бару та барний інвентар,Набори для бару,113805,12,10,,
Товари для дому / Посуд / Посуд для бару та барний інвентар,Організатори для бару,113806,12,10,,
Товари для дому / Посуд / Посуд для бару та барний інвентар,Пробки та лійки для пляшок,113807,12,10,,
Товари для дому / Посуд / Посуд для бару та барний інвентар,Штопори та відкривалки для пляшок,101046,12,10,,
Товари для дому / Посуд / Посуд для приготування їжі,Гусятниця,100928,12,10,,
Товари для дому / Посуд / Посуд для приготування їжі,"Каструлі, ковші",113857,12,10,,
Товари для дому / Посуд / Посуд для приготування їжі,Кришки для посуду,100995,12,10,,
Товари для дому / Посуд / Посуд для приготування їжі,Марміти,100982,12,10,,
Товари для дому / Посуд / Посуд для приготування їжі,Набір для фондю,101078,12,10,,
Товари для дому / Посуд / Посуд для приготування їжі,Набори посуду для приготування їжі,113858,12,10,,
Товари для дому / Посуд / Посуд для приготування їжі,"Пароварки, скороварки",100929,12,10,,
Товари для дому / Посуд / Посуд для приготування їжі,Сковорода,100933,12,10,,
Товари для дому / Посуд / Посуд для приготування їжі,Соковарки,100926,12,10,,
Товари для дому / Посуд / Посуд для приготування їжі,Шинчинниці,113809,12,10,,
Товари для дому / Посуд / Посуд для сервірування столу,"Глечики, графини, набори для напоїв",101133,12,10,,
Товари для дому / Посуд / Посуд для сервірування столу,Келихи та фужери,100935,12,10,,
Товари для дому / Посуд / Посуд для сервірування столу,"Підноси, столики сервіровки",100952,12,10,,
Товари для дому / Посуд / Посуд для сервірування столу,Посуд для суші,100970,12,10,,
Товари для дому / Посуд / Посуд для сервірування столу,Предмети сервірування,114002,12,10,,
Товари для дому / Посуд / Посуд для сервірування столу,Склянки,100946,12,10,,
Товари для дому / Посуд / Посуд для сервірування столу,Столові прилади,100954,12,10,,
Товари для дому / Посуд / Посуд для сервірування столу,Столові сервізи,100967,12,10,,
Товари для дому / Посуд / Посуд для сервірування столу,Стопки та чарки,101109,12,10,,
Товари для дому / Посуд / Посуд для сервірування столу,Тарілки та салатники,100942,12,10,,
Товари для дому / Посуд / Посуд для сервірування столу,Чайні та кавові сервізи,100959,12,10,,
Товари для дому / Посуд / Посуд для сервірування столу,Чашки,100943,12,10,,
Товари для дому / Посуд / Посуд для чаю та кави,Аксесуари для заварювання чаю,113604,12,10,,
Товари для дому / Посуд / Посуд для чаю та кави,Гейзерні кавоварки,100927,12,10,,
Товари для дому / Посуд / Посуд для чаю та кави,Заварювальні чайники,102259,12,10,,
Товари для дому / Посуд / Посуд для чаю та кави,Кавники,113605,12,10,,
Товари для дому / Посуд / Посуд для чаю та кави,Пуровери та аксесуари,113606,12,10,,
Товари для дому / Посуд / Посуд для чаю та кави,Турки,105357,12,10,,
Товари для дому / Посуд / Посуд для чаю та кави,Френч-преси,113652,12,10,,
Товари для дому / Посуд / Посуд для чаю та кави,Чайники для плити,102201,12,10,,
Товари для дому / Текстиль / Дитячий текстиль,Балдахіни для дитячих ліжечок,109557,12,10,,
Товари для дому / Текстиль / Дитячий текстиль,Бортики (захист) у дитяче ліжечко,109556,12,10,,
Товари для дому / Текстиль / Дитячий текстиль,Дитячі матраци,109553,12,10,,
Товари для дому / Текстиль / Дитячий текстиль,Дитячі пледи та покривала,100878,12,10,,
Товари для дому / Текстиль / Дитячий текстиль,Дитячі подушки,109602,12,10,,
Товари для дому / Текстиль / Дитячий текстиль,Дитячі простирадла,109555,12,10,,
Товари для дому / Текстиль / Дитячий текстиль,Ковдри дитячі,100373,12,10,,
Товари для дому / Текстиль / Дитячий текстиль,Кокони та позиціонери для немовлят,109554,12,10,,
Товари для дому / Текстиль / Дитячий текстиль,Комплект постільної білизни дитячої,100363,12,10,,
Товари для дому / Текстиль / Дитячий текстиль,Наволочки дитячі,104099,12,10,,
Товари для дому / Текстиль / Дитячий текстиль,Непромокаючий наматрацник дитячий,102603,12,10,,
Товари для дому / Текстиль / Дитячий текстиль,Підковдра дитяча,104101,12,10,,
Товари для дому / Текстиль / Текстиль для кухні,Кухонний рушник,100885,12,10,,
Товари для дому / Текстиль / Текстиль для кухні,Набір кухонна прихватка і рукавиця,100886,12,10,,
Товари для дому / Текстиль / Текстиль для кухні,Підставки для посуду,101023,12,10,,
Товари для дому / Текстиль / Текстиль для кухні,Скатертини та серветки,101149,12,10,,
Товари для дому / Текстиль / Текстиль для кухні,Текстильні мішечки для зберігання,109406,12,10,,
Товари для дому / Текстиль / Текстиль для кухні,Фартух,100890,12,10,,
Товари для дому / Текстиль / Текстиль для спальні та вітальні,Аксесуари для штор,109404,12,10,,
Товари для дому / Текстиль / Текстиль для спальні та вітальні,Ковдри,100876,12,10,,
Товари для дому / Текстиль / Текстиль для спальні та вітальні,Комплект постільної білизни,100875,12,10,,
Товари для дому / Текстиль / Текстиль для спальні та вітальні,Матраци,109352,12,10,,
Товари для дому / Текстиль / Текстиль для спальні та вітальні,Наволочки,102015,12,10,,
Товари для дому / Текстиль / Текстиль для спальні та вітальні,Наматрацники та підматрацники,109402,12,10,,
Товари для дому / Текстиль / Текстиль для спальні та вітальні,Підковдра,104100,12,10,,
Товари для дому / Текстиль / Текстиль для спальні та вітальні,Плед,100877,12,10,,
Товари для дому / Текстиль / Текстиль для спальні та вітальні,Подушка,100879,12,10,,
Товари для дому / Текстиль / Текстиль для спальні та вітальні,Подушка для сидіння,100881,12,10,,
Товари для дому / Текстиль / Текстиль для спальні та вітальні,Покривало,100882,12,10,,
Товари для дому / Текстиль / Текстиль для спальні та вітальні,Простирадло,100884,12,10,,
Товари для дому / Текстиль / Текстиль для спальні та вітальні,Рушники,109405,12,10,,
Товари для дому / Текстиль / Текстиль для спальні та вітальні,Футони та топпери,109403,12,13,,
Товари для дому / Текстиль / Текстиль для спальні та вітальні,Штори,105358,12,20,,
Товари для свята та дозвілля,Дитячі адвент-календарі,120903,15,20,,
Товари для свята та дозвілля,Карнавальні костюми,121896,22,20,,
Товари для свята та дозвілля / Новорічні товари,"Серпантин, конфетті, хлопавки",112361,22,20,,
Товари для свята та дозвілля / Новорічні товари / Новорічний декор,Декоративні гілки,112258,22,20,,
Товари для свята та дозвілля / Новорічні товари / Новорічний декор,Новорічний вуличний декор,112352,22,20,,
Товари для свята та дозвілля / Новорічні товари / Новорічний декор,Новорічний декор на стіл,112313,22,20,,
Товари для свята та дозвілля / Новорічні товари / Новорічний декор,Новорічний декор на стіну,112312,22,20,,
Товари для свята та дозвілля / Новорічні товари / Новорічний декор,Новорічні наклейки,112310,22,20,,
Товари для свята та дозвілля / Новорічні товари / Новорічний декор,Новорічні фігурки,112311,22,20,,
Товари для свята та дозвілля / Новорічні товари / Новорічний декор,Світлодіодні гірлянди,112356,22,20,,
Товари для свята та дозвілля / Новорічні товари / Новорічний декор,Штучний сніг,112307,22,20,,
Товари для свята та дозвілля / Новорічні товари / Новорічні вінки та композиції,Новорічні композиції,112358,22,20,,
Товари для свята та дозвілля / Новорічні товари / Новорічні вінки та композиції,Різдвяні вінки,112355,22,20,,
Товари для свята та дозвілля / Новорічні товари / Новорічні вінки та композиції,Хвойні гірлянди,112357,22,20,,
Товари для свята та дозвілля / Новорічні товари / Новорічні іграшки,Верхівки на ялинку,112256,22,20,,
Товари для свята та дозвілля / Новорічні товари / Новорічні іграшки,Дощ на ялинку,112259,22,20,,
Товари для свята та дозвілля / Новорічні товари / Новорічні іграшки,Мішура,112309,22,20,,
Товари для свята та дозвілля / Новорічні товари / Новорічні іграшки,Намиста на ялинку,112255,22,20,,
Товари для свята та дозвілля / Новорічні товари / Новорічні іграшки,Стрічка на ялинку,112308,22,20,,
Товари для свята та дозвілля / Новорічні товари / Новорічні іграшки,Ялинкові іграшки,112260,22,20,,
Товари для свята та дозвілля / Новорічні товари / Новорічні іграшки,Ялинкові кулі,112302,22,20,,
Товари для свята та дозвілля / Новорічні товари / Штучні сосни та ялинки,Підставки та покривала для ялинок,112353,22,20,,
Товари для свята та дозвілля / Новорічні товари / Штучні сосни та ялинки,Штучні сосни,112305,22,20,,
Товари для свята та дозвілля / Новорічні товари / Штучні сосни та ялинки,Штучні ялинки,112304,22,20,,
"Товари для свята та дозвілля / Подарункові коробки, упаковки",Наповнювач для коробок,106804,22,20,,
"Товари для свята та дозвілля / Подарункові коробки, упаковки",Пакувальний папір,112362,22,20,,
"Товари для свята та дозвілля / Подарункові коробки, упаковки",Подарункові коробки,106803,22,20,,
"Товари для свята та дозвілля / Подарункові коробки, упаковки",Подарункові пакети,112360,22,13,,
"Товари для свята та дозвілля / Подарункові коробки, упаковки",Подарункові стрічки,112359,22,13,,
Товари для тварин / Товари для котів,Одяг для котів,120011,15,10,,
Товари для тварин / Товари для собак,Одяг для собак,120010,15,10,,
Товари для тварин / Товари для котів,Ветпрепарати для котів,106102,14,12,,
Товари для тварин / Товари для котів,Вітаміни для котів,115454,14,12,,
Товари для тварин / Товари для котів,Інструменти для грумінгу котів,104019,14,12,,
Товари для тварин / Товари для котів,Ласощі для котів,104033,10,8,,
Товари для тварин / Товари для котів,Наповнювачі для туалетів котів,104035,10,8,,
Товари для тварин / Товари для котів,Переноски для котів,115403,14,12,,
Товари для тварин / Товари для котів / Аксесуари для котів,Іграшки для котів,104012,14,12,,
Товари для тварин / Товари для котів / Аксесуари для котів,Кігтеточки,106057,14,12,,
Товари для тварин / Товари для котів / Аксесуари для котів,Лежанки для котів,106955,14,12,,
Товари для тварин / Товари для котів / Корм для котів,Вологий корм для котів,104010,10,8,,
Товари для тварин / Товари для собак,Ветпрепарати для собак,106103,10,8,,
Товари для тварин / Товари для собак,Вітаміни для собак,104027,10,8,,
Товари для тварин / Товари для собак,Інструменти для грумінгу собак,106110,14,12,,
Товари для тварин / Товари для собак,Ласощі для собак,107061,10,8,,
Товари для тварин / Товари для собак,Нейтралізатори плям і запахів тварин (собак),104305,14,12,,
Товари для тварин / Товари для собак,Пелюшки для собак,104208,14,12,,
Товари для тварин / Товари для собак,Переноски для собак,106109,14,12,,
Товари для тварин / Товари для собак,Шампуні для котів,104303,14,12,,
Товари для тварин / Товари для собак,Шампуні для собак,104302,14,12,,
Товари для тварин / Товари для собак / Аксесуари для собак,Іграшки для собак,104026,14,12,,
Товари для тварин / Товари для собак / Аксесуари для собак,Лежанки для собак,106954,14,12,,
Товари для тварин / Товари для собак / Аксесуари для собак,Намордник для собак,110853,14,12,,
Товари для тварин / Товари для собак / Аксесуари для собак,Нашийники для собак,106052,14,12,,
Товари для тварин / Товари для собак / Аксесуари для собак,Повідець для собак,108202,14,12,,
Товари для тварин / Товари для собак / Аксесуари для собак,Туалет для собак,109752,14,12,,
Товари для тварин / Товари для собак / Аксесуари для собак,Шлейки для собак,108205,14,12,,
Товари для тварин / Товари для собак / Корм для собак,Вологий корм для собак,104016,10,8,,
"Техніка та гаджети / Техніка для краси та здоров'я / Прилади для педикюру, манікюру",Витяжки для манікюру,103902,12,10,,
"Техніка та гаджети / Техніка для краси та здоров'я / Прилади для педикюру, манікюру",Фрези,103705,12,10,,
"Техніка та гаджети / Техніка для краси та здоров'я / Прилади для педикюру, манікюру",Устаткування для стерилізації,103703,12,10,,
Техніка та гаджети / Техніка для краси та здоров'я / Косметологічні прилади,Гаджети для догляду за обличчям,102254,12,10,,
Техніка та гаджети / Техніка для краси та здоров'я / Косметологічні прилади,Щітки для обличчя,104270,12,10,,
Техніка та гаджети / Техніка для краси та здоров'я / Косметологічні прилади,Очищувач пор,104266,12,10,,
Здоров’я / Товари для здоров’я,Небулайзери,105802,12,10,,
Здоров’я / Товари для здоров’я,Тонометр,105935,12,10,,
Здоров’я / Товари для здоров’я,Глюкометри,105653,12,10,,
Здоров’я / Товари для здоров’я,Термометри,101403,12,10,,
Техніка та гаджети / Техніка для дому / Кліматична техніка,Осушувачі повітря,121421,10,8,,
Техніка та гаджети / Техніка для дому / Кліматична техніка,Очищувачі повітря,121453,10,8,,
Техніка та гаджети / Техніка для дому / Техніка для догляду за домом і одягом,Відпарювачі,110856,10,8,,
Техніка та гаджети / Техніка для дому / Техніка для догляду за домом і одягом,Пароочисники,122456,10,8,,
Техніка та гаджети / Техніка для кухні / Техніка для приготування напоїв,Кавомолки,104068,12,10,,
Техніка та гаджети / Техніка для кухні / Техніка для приготування напоїв,Електричні кавоварки,121557,10,8,,
Техніка та гаджети / Техніка для кухні / Техніка для приготування напоїв,Електрочайники,121458,10,8,,
Техніка та гаджети / Техніка для кухні / Техніка для приготування напоїв,Кавомашини,122003,10,8,,
Техніка та гаджети / Техніка для кухні / Техніка для приготування їжі,Мультиварки,121555,10,8,,
Техніка та гаджети / Техніка для кухні / Техніка для приготування їжі,Мультипічки,121553,10,8,,
Техніка та гаджети / Техніка для кухні / Техніка для приготування їжі,Аерогрилі,110861,10,8,,
Техніка та гаджети / Техніка для кухні / Техніка для приготування їжі,Грилі електричні,121552,10,8,,
Техніка та гаджети / Техніка для кухні / Техніка для приготування їжі,Блендери,121456,10,8,,
Техніка та гаджети / Техніка для кухні / Техніка для приготування їжі,Морозивниці,121556,10,8,,
Техніка та гаджети / Техніка для кухні / Техніка для приготування їжі,Млинниці,122405,10,8,,
"Дача, сад, город / Рослини і догляд за ними",Фітолампи для рослин,122478,12,10,,
Техніка та гаджети / Техніка для дому / Кліматична техніка,Термометри та гігрометри,122665,10,8,,
Техніка та гаджети / Техніка для дому / Техніка для догляду за домом і одягом,Акумуляторні пилососи,122267,10,8,,
Техніка та гаджети / Техніка для дому / Техніка для догляду за домом і одягом,Пилососи для сухого прибирання,122671,10,8,,
Техніка та гаджети / Техніка для дому / Техніка для догляду за домом і одягом,Миючі пилососи,122672,10,8,,
Техніка та гаджети / Техніка для дому / Техніка для догляду за домом і одягом,Робот для вікон,122211,10,8,,
Техніка та гаджети / Техніка для дому / Техніка для догляду за домом і одягом,Роботи-пилососи,122263,10,8,,
Техніка та гаджети / Техніка для дому / Техніка для догляду за домом і одягом,Праски,122673,10,8,,
Техніка та гаджети / Техніка для дому / Техніка для догляду за домом і одягом,Прасувальні системи,122674,10,8,,
Техніка та гаджети / Техніка для дому / Техніка для догляду за домом і одягом,Праски-парогенератори,122675,10,8,,
Техніка та гаджети / Техніка для дому / Обігрівачі,Тепловентилятори,122667,10,8,,
Техніка та гаджети / Техніка для дому / Обігрівачі,Інфрачервоні обігрівачі,122668,10,8,,
Товари для дітей / Дитяча кімната,Генератори білого шуму,122726,12,10,,
Техніка та гаджети / Техніка для краси та здоров'я,Холодильники для косметики,122727,12,10,,
Товари для дітей / Дитяче харчування / Аксесуари для годування,Підігрівач для пляшечок,101705,12,10,,
Техніка та гаджети / Комп'ютерні комплектуючі,Акумулятори та аксесуари для ДБЖ,122712,12,10,,
Техніка та гаджети / Повербанки та зарядні станції,Аксесуари для УМБ та зарядних станцій,122713,12,10,,
Техніка та гаджети / Аксесуари для мобільних телефонів і смартфонів,Чохли для мобільних телефонів,122715,17,15,,
Техніка та гаджети / Аксесуари для мобільних телефонів і смартфонів,Органайзери для кабелю,122724,12,10,,
Техніка та гаджети / Аксесуари для мобільних телефонів і смартфонів,Смарт-брелоки,122725,12,10,,
Техніка та гаджети / Техніка для геймерів,Ігрові консолі та дитячі приставки,122677,10,8,,
Техніка та гаджети / Техніка для геймерів,Відеоігри,122678,10,8,,
Техніка та гаджети / Смарт-пристрої та аксесуари / Носимі гаджети,3D і VR окуляри,121605,12,10,,
Техніка та гаджети / Смарт-пристрої та аксесуари / Носимі гаджети,Смарт-годинники,122706,12,10,,
Техніка та гаджети / Смарт-пристрої та аксесуари / Носимі гаджети,Фітнес-браслети,122708,12,10,,
Техніка та гаджети / Смарт-пристрої та аксесуари / Носимі гаджети,Аксесуари до смарт-годинників і трекерів,122709,12,10,,
Техніка та гаджети / Смарт-пристрої та аксесуари / Носимі гаджети,Аксесуари для окулярів віртуальної реальності,122710,12,10,,
Техніка та гаджети / Смарт-пристрої та аксесуари / Носимі гаджети,Смарт-кільця,122711,12,10,,
Техніка та гаджети / Аксесуари для мобільних телефонів і смартфонів,Зарядні пристрої,122716,12,10,,
Техніка та гаджети / Аксесуари для мобільних телефонів і смартфонів,Bluetooth-гарнітури,122717,12,10,,
Техніка та гаджети / Аксесуари для мобільних телефонів і смартфонів,Кабелі та адаптери,122718,12,10,,
Техніка та гаджети / Аксесуари для мобільних телефонів і смартфонів,Стилуси і аксесуари,122723,12,10,,